CenLon,CenLat,POLITICAL_UNIT,NAME,WGMS_ID,PSFG_ID,WGI_ID,GLIMS_ID,RGI50_ID,RGI60_ID,RGI_REG,RGI_REG_NAME,GlacierType,TerminusType,IsTidewater,HAS_PROFILE
-57.3729,-63.8619,AQ,BAHIA DEL DIABLO,2665,,,,RGI50-19.00595,RGI60-19.00595,19,19: Antarctic and Subantarctic,Ice cap,Marine-terminating,True,True
-60.6025,-63.0041,AQ,G1,3925,,,,RGI50-19.02101,RGI60-19.02101,19,19: Antarctic and Subantarctic,Glacier,Land-terminating,False,False
-60.3948,-62.6827,AQ,HURD,3367,,AQ0006C00000,,RGI50-19.02057,RGI60-19.02057,19,19: Antarctic and Subantarctic,Glacier,Marine-terminating,True,False
-60.3547,-62.6707,AQ,JOHNSONS,3366,,AQ0006C00000,,RGI50-19.02059,RGI60-19.02059,19,19: Antarctic and Subantarctic,Glacier,Marine-terminating,True,False
-69.6416,-29.9831,AR,BROWN SUPERIOR,3903,,,,RGI50-17.14923,RGI60-17.14681,17,17: Southern Andes,Glacier,Land-terminating,False,True
-69.6442,-29.9757,AR,CONCONTA NORTE,3902,,,,RGI50-17.14924,RGI60-17.14682,17,17: Southern Andes,Glacier,Land-terminating,False,True
-69.9909,-29.3005,AR,LOS AMARILLOS,3904,,,,RGI50-17.15131,RGI60-17.14889,17,17: Southern Andes,Glacier,Land-terminating,False,True
-68.4093,-54.7862,AR,MARTIAL ESTE,2000,,,,RGI50-17.02128,RGI60-17.02128,17,17: Southern Andes,Glacier,Land-terminating,False,True
-70.1481,-32.5933,AR,PILOTO ESTE,3589,,AR1J11100000,,RGI50-17.14445,RGI60-17.14203,17,17: Southern Andes,Glacier,Land-terminating,False,False
12.5956,47.1403,AT,FILLECK K.,476,AT0601B,ATJ143S0A098,,RGI50-11.00073,RGI60-11.00073,11,11: Central Europe,Glacier,Land-terminating,False,False
12.9702,47.0421,AT,GOLDBERG K.,1305,AT0802B,,,RGI50-11.00289,RGI60-11.00289,11,11: Central Europe,Glacier,Land-terminating,False,True
13.6135,47.4845,AT,HALLSTAETTER G.,535,AT1102,ATJ142T0R002,,RGI50-11.00002,RGI60-11.00002,11,11: Central Europe,Glacier,Land-terminating,False,True
10.7584,46.8003,AT,HINTEREIS F.,491,AT0209,ATJ143O0E125,,RGI50-11.00897,RGI60-11.00897,11,11: Central Europe,Glacier,Land-terminating,False,True
13.0581,47.4242,AT,HOCHKOENIG,3993,,,,RGI50-11.00012,RGI60-11.00012,11,11: Central Europe,Glacier,Land-terminating,False,False
10.1603,46.8577,AT,JAMTAL F.,480,AT0106,ATJ143S0N019,,RGI50-11.00781,RGI60-11.00781,11,11: Central Europe,Glacier,Land-terminating,False,True
10.7907,46.8424,AT,KESSELWAND F.,507,AT0226,ATJ143O0E129,,RGI50-11.00787,RGI60-11.00787,11,11: Central Europe,Glacier,Land-terminating,False,True
12.9472,47.053,AT,KLEINFLEISS K.,547,AT0801,ATJ131M0O036,,RGI50-11.00251,RGI60-11.00251,11,11: Central Europe,Glacier,Land-terminating,False,True
11.0191,46.7817,AT,LANGTALER F.,510,AT0223,ATJ143O0E072,,RGI50-11.00929,RGI60-11.00929,11,11: Central Europe,Glacier,Land-terminating,False,True
10.1054,46.8515,AT,OCHSENTALER G.,483,AT0103,ATR013I0L008,,RGI50-11.00797,RGI60-11.00797,11,11: Central Europe,Glacier,Land-terminating,False,True
12.6967,47.0991,AT,PASTERZE,566,AT0704,ATJ131M0O027,,RGI50-11.00106,RGI60-11.00106,11,11: Central Europe,Glacier,Land-terminating,False,True
12.5964,47.1316,AT,STUBACHER SONNBLICK K.,573,AT0601A,ATJ143S0A097,,RGI50-11.00080,RGI60-11.00080,11,11: Central Europe,Glacier,Land-terminating,False,True
10.1309,46.8529,AT,VERMUNT G.,482,AT0104,ATR013I0L007,,RGI50-11.00807,RGI60-11.00807,11,11: Central Europe,Glacier,Land-terminating,False,True
10.818,46.8762,AT,VERNAGT F.,489,AT0211,ATJ143O0E133,,RGI50-11.00719,RGI60-11.00719,11,11: Central Europe,Glacier,Land-terminating,False,True
13.0049,47.0385,AT,WURTEN K.,545,AT0804,ATJ131M0O038,,RGI50-11.00300,RGI60-11.00300,11,11: Central Europe,Glacier,Land-terminating,False,True
12.3784,47.0851,AT,ZETTALUNITZ/MULLWITZ K.,578,AT0508,ATJ131I0S054,,RGI50-11.00190,RGI60-11.00190,11,11: Central Europe,Glacier,Land-terminating,False,True
-68.1287,-16.3523,BO,CHACALTAYA,1505,BO5180,BO00XXX00002,,RGI50-16.01447,RGI60-16.01447,16,16: Low Latitudes,Glacier,Land-terminating,False,True
-68.1064,-16.3023,BO,CHARQUINI SUR,2667,,,,RGI50-16.00532,RGI60-16.00532,16,16: Low Latitudes,Glacier,Land-terminating,False,True
-68.1439,-16.274,BO,ZONGO,1503,BO5150,BO00XXX00001,,RGI50-16.00543,RGI60-16.00543,16,16: Low Latitudes,Glacier,Land-terminating,False,True
-130.83,57.091,CA,ALEXANDER,32,CA0133,CA0N00200001,,RGI50-01.05355,RGI60-01.05355,01,01: Alaska,Glacier,Land-terminating,False,True
-131.062,56.955,CA,ANDREI,34,CA0148,CA0N00200002,,RGI50-01.04591,RGI60-01.04591,01,01: Alaska,Glacier,Land-terminating,False,True
-90.9688,79.4405,CA,BABY,1,CA0205,CAR014E00009,,RGI50-03.00840,RGI60-03.00840,03,03: Arctic Canada North,Glacier,Land-terminating,False,False
-73.0575,70.0214,CA,BARNES ICE CAP SOUTH DOME N SLOPE,38,CA0210A,CA0000T00210,,RGI50-04.06187,RGI60-04.06187,04,04: Arctic Canada South,Ice cap,Land-terminating,False,False
-124.911,51.4455,CA,BENCH,66,CA0234,CA0 XXX00013,,RGI50-02.05986,RGI60-02.04503,02,02: Western Canada and US,Glacier,Land-terminating,False,True
-123.639,50.8216,CA,BRIDGE,47,CA0275,CA0M20000001,,RGI50-02.04119,RGI60-02.02636,02,02: Western Canada and US,Glacier,Land-terminating,False,True
-69.8037,69.6303,CA,DECADE,3909,,,,RGI50-04.03082,RGI60-04.03082,04,04: Arctic Canada South,Glacier,Land-terminating,False,False
-83.162,75.4978,CA,DEVON ICE CAP NW,39,CA0431,CA000S200001,,RGI50-03.02435,RGI60-03.02435,03,03: Arctic Canada North,Ice cap,Marine-terminating,True,True
-122.989,49.9609,CA,HELM,45,CA0855,CAM000C00002,,RGI50-02.01860,RGI60-02.00377,02,02: Western Canada and US,Glacier,Land-terminating,False,True
-79.1438,75.8872,CA,LAIKA,1412,CA0720,,,RGI50-03.01427,RGI60-03.01427,03,03: Arctic Canada North,Glacier,Land-terminating,False,True
-99.1904,79.982,CA,MEIGHEN ICE CAP,16,CA1335,CA002R900001,,RGI50-03.00691,RGI60-03.00691,03,03: Arctic Canada North,Glacier,Land-terminating,False,True
-114.965,75.4291,CA,MELVILLE SOUTH ICE CAP,3690,,,,RGI50-02.13974,RGI60-03.04552,02,02: Western Canada and US,Glacier,Land-terminating,False,True
-116.56,51.6585,CA,PEYTO,57,CA1640,CA0M12200002,,RGI50-02.06581,RGI60-02.05098,02,02: Western Canada and US,Glacier,Land-terminating,False,True
-122.605,50.4195,CA,PLACE,41,CA1660,CA0M20000002,,RGI50-02.02587,RGI60-02.01104,02,02: Western Canada and US,Glacier,Land-terminating,False,True
-116.486,51.819,CA,RAM RIVER,1394,CA1815,,,RGI50-02.07173,RGI60-02.05690,02,02: Western Canada and US,Glacier,Land-terminating,False,True
-122.979,49.8876,CA,SENTINEL,44,CA1915,CAM000C00096,,RGI50-02.01779,RGI60-02.00296,02,02: Western Canada and US,Glacier,Land-terminating,False,True
-64.1739,81.9561,CA,ST PATRICK BAY NE ICE CAP,3908,,,,RGI50-03.01623,RGI60-03.01623,03,03: Arctic Canada North,Glacier,Land-terminating,False,False
-123.621,50.872,CA,SYKORA,59,CA1995,CA0M22000001,,RGI50-02.04114,RGI60-02.02631,02,02: Western Canada and US,Glacier,Land-terminating,False,True
-125.136,51.3432,CA,TIEDEMANN,24,CA2040,CA0 XXX00017,,RGI50-02.05862,RGI60-02.04379,02,02: Western Canada and US,Glacier,Land-terminating,False,True
-74.2248,83.1066,CA,WARD H. I. RISE,53,CA2318,CA0 XXX00003,,RGI50-03.04079,RGI60-03.04079,03,03: Arctic Canada North,Glacier,Land-terminating,False,False
-90.87697,79.5146,CA,WHITE,0,CA2340,CAR014E00015,,RGI50-03.04539,RGI60-03.04539,03,03: Arctic Canada North,Glacier,Land-terminating,False,True
-118.061,51.1141,CA,WOOLSEY,1402,CA2380,,,RGI50-02.04693,RGI60-02.03210,02,02: Western Canada and US,Glacier,Land-terminating,False,True
-130.684,56.975,CA,YURI,30,CA2530,CA0N00200003,,RGI50-01.05211,RGI60-01.05211,01,01: Alaska,Glacier,Land-terminating,False,True
-123.414,50.7918,CA,ZAVISHA,46,CA2605,CA0M20200001,,RGI50-02.03590,RGI60-02.02107,02,02: Western Canada and US,Glacier,Land-terminating,False,True
7.87661,46.0124,CH,ADLER,3801,CH0016B,CHN012506003,,RGI50-11.02780,RGI60-11.02764,11,11: Central Europe,Glacier,Land-terminating,False,True
9.64185,46.2987,CH,ALBIGNA,1674,CH0116,,,RGI50-11.02285,RGI60-11.02285,11,11: Central Europe,Glacier,Land-terminating,False,True
7.909489999999999,46.0336,CH,ALLALIN,394,CH0011,CHN012502029,,RGI50-11.02715,RGI60-11.02704,11,11: Central Europe,Glacier,Land-terminating,False,True
8.4812,46.416,CH,BASODINO,463,CH0104,CHL012104010,,RGI50-11.01987,RGI60-11.01987,11,11: Central Europe,Glacier,Land-terminating,False,True
8.891169999999997,46.8442,CH,CLARIDENFIRN,2660,CH0141,CH4R014OI019,,RGI50-11.00843,RGI60-11.00843,11,11: Central Europe,Glacier,Land-terminating,False,True
7.29108,45.9647,CH,CORBASSIERE,366,CH0038,CHN012803003,,RGI50-11.02782,RGI60-11.02766,11,11: Central Europe,Glacier,Land-terminating,False,False
7.87051,45.9936,CH,FINDELEN,389,CH0016,CHN012506003,,RGI50-11.02789,RGI60-11.02773,11,11: Central Europe,Glacier,Land-terminating,False,True
9.70108,46.3085,CH,FORNO,396,CH0102,CHL011803012,,RGI50-11.02245,RGI60-11.02245,11,11: Central Europe,Glacier,Land-terminating,False,True
7.38888,45.9921,CH,GIETRO,367,CH0037,CHN012802014,,RGI50-11.02791,RGI60-11.02774,11,11: Central Europe,Glacier,Land-terminating,False,True
8.33019,46.4383,CH,GRIES,359,CH0003,CHN012405004,,RGI50-11.01876,RGI60-11.01876,11,11: Central Europe,Glacier,Land-terminating,False,True
8.01919,46.5028,CH,GROSSER ALETSCH,360,CH0005,CHN012306026,,RGI50-11.01450,RGI60-11.01450,11,11: Central Europe,Glacier,Land-terminating,False,False
7.9131,46.055,CH,HOHLAUB,3332,,,,RGI50-11.02690,RGI60-11.02679,11,11: Central Europe,Glacier,Land-terminating,False,True
7.9245,46.0649,CH,KESSJEN,393,CH0012,CHN012502033,,RGI50-11.02682,RGI60-11.02671,11,11: Central Europe,Glacier,Land-terminating,False,True
8.97739,46.8133,CH,LIMMERN,421,CH0078,CHR013500I 6,,RGI50-11.00918,RGI60-11.00918,11,11: Central Europe,Glacier,Land-terminating,False,True
9.38896,46.9603,CH,PIZOL,417,CH0081,CHR0135000D1,,RGI50-11.00638,RGI60-11.00638,11,11: Central Europe,Glacier,Land-terminating,False,True
7.51198,46.3839,CH,PLAINE MORTE,4246,,CHR01355F003,,RGI50-11.02072,RGI60-11.02072,11,11: Central Europe,Glacier,Land-terminating,False,True
8.988710000000003,46.833,CH,PLATTALVA,420,CH0114,CHR013500I 7,,RGI50-11.00892,RGI60-11.00892,11,11: Central Europe,Glacier,Land-terminating,False,True
8.3965,46.6236,CH,RHONE,473,CH0001,CHN012403003,,RGI50-11.01238,RGI60-11.01238,11,11: Central Europe,Glacier,Land-terminating,False,True
7.92806,46.0081,CH,SCHWARZBERG,395,CH0010,CHN012502024,,RGI50-11.02762,RGI60-11.02746,11,11: Central Europe,Glacier,Land-terminating,False,True
10.0766,46.8524,CH,SILVRETTA,408,CH0090,CHR013100G 5,,RGI50-11.00804,RGI60-11.00804,11,11: Central Europe,Glacier,Land-terminating,False,True
7.22536,46.3202,CH,TSANFLEURON,371,CH0033,CHN012202001,,RGI50-11.02249,RGI60-11.02249,11,11: Central Europe,Glacier,Land-terminating,False,True
-72.4562,-42.8274,CL,AMARILLO,3905,,,,RGI50-17.11634,RGI60-17.11392,17,17: Southern Andes,Ice cap,Land-terminating,False,True
-70.1338,-33.5804,CL,ECHAURREN NORTE,1344,CL0001B,CL1M0057D015,,RGI50-17.13957,RGI60-17.13715,17,17: Southern Andes,Glacier,Land-terminating,False,False
-70.0369,-29.3295,CL,ESPERANZA,3982,,,,RGI50-17.15116,RGI60-17.14874,17,17: Southern Andes,Glacier,Land-terminating,False,False
-70.0204,-29.3484,CL,GUANACO,3983,,CL1M03812071,,RGI50-17.15110,RGI60-17.14868,17,17: Southern Andes,Glacier,Land-terminating,False,False
-70.0247,-29.3346,CL,TORO 1,3980,,,,RGI50-17.15113,RGI60-17.14871,17,17: Southern Andes,Glacier,Land-terminating,False,False
-70.0275,-29.3323,CL,TORO 2,3981,,,,RGI50-17.15114,RGI60-17.14872,17,17: Southern Andes,Glacier,Land-terminating,False,False
90.447,30.193,CN,GURENHEKOU,3978,,,,RGI50-13.28839,RGI60-13.28839,13,13: Central Asia,Glacier,Land-terminating,False,False
101.916,29.584,CN,HAILUOGOU,849,CN0031,CN5K6120F003,,RGI50-15.07886,RGI60-15.07886,15,15: South Asia East,Glacier,Land-terminating,False,False
94.184,35.66900000000001,CN,MEIKUANG,3955,,,,RGI50-13.33648,RGI60-13.33648,13,13: Central Asia,Ice cap,Land-terminating,False,False
75.072,38.23,CN,MUZTAG ATA,3992,,,,RGI50-13.41896,RGI60-13.41896,13,13: Central Asia,Ice cap,Land-terminating,False,False
81.32300000000002,30.455,CN,NAIMONA NYI,3991,,,,RGI50-15.09026,RGI60-15.09026,15,15: South Asia East,Glacier,Land-terminating,False,False
96.975,29.387,CN,PARLUNG NO. 94,3987,CN0094,CN5O2820A010,,RGI50-15.11693,RGI60-15.11693,15,15: South Asia East,Glacier,Land-terminating,False,True
96.902,29.303,CN,PARLUNG ZANGBO: NO. 12,3986,CN0012,CN5O2820B000,,RGI50-15.11962,RGI60-15.11962,15,15: South Asia East,Glacier,Land-terminating,False,False
97.755,39.237,CN,QIYI,856,CN0003,CN Y0437C018,,RGI50-13.32330,RGI60-13.32330,13,13: Central Asia,Glacier,Land-terminating,False,False
86.81,43.111,CN,URUMQI GLACIER NO. 1 E-BRANCH,1511,CN0001,CN0Y07200010,,RGI50-13.45335,RGI60-13.45335,13,13: Central Asia,Glacier,Land-terminating,False,True
86.801,43.117,CN,URUMQI GLACIER NO. 1 W-BRANCH,1512,CN0002,CN0Y07200010,,RGI50-13.45334,RGI60-13.45334,13,13: Central Asia,Glacier,Land-terminating,False,True
92.135,33.171,CN,XIAO DONGKZMADI,1510,CN0038,,,RGI50-13.24556,RGI60-13.24556,13,13: Central Asia,Glacier,Land-terminating,False,False
-75.3715,4.80506,CO,CONEJERAS,2721,CO0033,,,RGI50-16.01355,RGI60-16.01355,16,16: Low Latitudes,Glacier,Land-terminating,False,True
10.982920789000001,47.415938931999996,DE,SCHNEEFERNER N,346,DE0001,DE4J14400001,,RGI50-11.03974,RGI60-11.03246,11,11: Central Europe,Glacier,Land-terminating,False,True
-78.1446,-0.489511,EC,ANTIZANA15ALPHA,1624,EC1DA15,EC1D30370015,,RGI50-16.01339,RGI60-16.01339,16,16: Low Latitudes,Glacier,Land-terminating,False,True
0.639342666,42.648979186999995,ES,MALADETA,942,ES9020,ES4O00122008,,RGI50-11.03818,RGI60-11.03209,11,11: Central Europe,Glacier,Land-terminating,False,True
6.99817,45.9429,FR,ARGENTIERE,354,FR0002,FRN010305A08,,RGI50-11.02835,RGI60-11.03638,11,11: Central Europe,Glacier,Land-terminating,False,False
6.62793,45.298,FR,GEBROULAZ,352,FR0009,FRN010406E06,,RGI50-11.03432,RGI60-11.03671,11,11: Central Europe,Glacier,Land-terminating,False,False
6.933910000000001,45.8755,FR,MER DE GLACE,353,FR0003,FRN010306A01,,RGI50-11.02923,RGI60-11.03643,11,11: Central Europe,Glacier,Land-terminating,False,False
-0.141221896,42.771190643000004,FR,OSSOUE,2867,,,,RGI50-11.03841,RGI60-11.03232,11,11: Central Europe,Glacier,Land-terminating,False,False
6.1601599999999985,45.1604,FR,SAINT SORLIN,356,FR0015,FRN010602B09,,RGI50-11.03503,RGI60-11.03674,11,11: Central Europe,Glacier,Land-terminating,False,False
6.1327300000000005,45.1325,FR,SARENNES,357,FR0029,FRN010603A02,,RGI50-11.03515,RGI60-11.03756,11,11: Central Europe,Glacier,Land-terminating,False,False
42.4732,43.1296,GE,TBILISA,724,GE3012,GE0 XXX00022,,RGI50-12.00807,RGI60-12.00807,12,12: Caucasus and Middle East,Glacier,Land-terminating,False,True
-50.3208,66.1325,GL,AMITSULOQ ICE CAP,232,GL0004,GL2U1DG16166,,RGI50-05.00446,RGI60-05.00446,05,05: Greenland,Glacier,Land-terminating,False,False
-20.8288,74.3778,GL,FREYA,3350,,,,RGI50-05.20030,RGI60-05.20030,05,05: Greenland,Glacier,Land-terminating,False,True
-37.8032,65.6957,GL,MITTIVAKKAT,1629,GL0019,GL02U3I00000,,RGI50-05.11186,RGI60-05.11186,05,05: Greenland,Glacier,Land-terminating,False,True
-52.1262,65.6,GL,QAPIARFIUP SER.,238,GL0009,GL2U1DB10003,,RGI50-05.00115,RGI60-05.00115,05,05: Greenland,Glacier,Land-terminating,False,False
-45.3055,61.4421,GL,VALHALTINDE,240,GL0001,GL2U1AG05008,,RGI50-05.05149,RGI60-05.05149,05,05: Greenland,Glacier,Land-terminating,False,False
88.684351605,27.959920148000002,IN,CHANGMEKHANGPU,1045,IN2522,IN05P2500022,,RGI50-15.02942,RGI60-15.02942,15,15: South Asia East,Glacier,Land-terminating,False,False
77.507513941,32.224215541999996,IN,CHHOTA SHIGRI,2921,,,,RGI50-14.15990,RGI60-14.15990,14,14: South Asia West,Glacier,Land-terminating,False,True
78.825119019,30.842954635999998,IN,DOKRIANI,3454,,,,RGI50-15.07605,RGI60-15.07605,15,15: South Asia East,Glacier,Land-terminating,False,False
79.894082471,30.557780418000004,IN,DUNAGIRI,1047,IN0191,IN5O12202191,,RGI50-15.06777,RGI60-15.06777,15,15: South Asia East,Glacier,Land-terminating,False,False
78.521963702,31.378255834,IN,GOR GARANG,3929,,,,RGI50-14.12365,RGI60-14.12365,14,14: South Asia West,Glacier,Land-terminating,False,False
77.373833286,32.23484894,IN,HAMTAH,3044,,IN5Q21212180,,RGI50-14.15536,RGI60-14.15556,14,14: South Asia West,Glacier,Land-terminating,False,False
75.537165453,34.15943632,IN,NEH NAR,3930,,,,RGI50-14.19543,RGI60-14.19543,14,14: South Asia West,Glacier,Land-terminating,False,False
78.349378203,31.292291095,IN,SHAUNE GARANG,1048,IN0084,IN5Q220 1984,,RGI50-14.12323,RGI60-14.12323,14,14: South Asia West,Glacier,Land-terminating,False,False
79.674856689,30.718461815999998,IN,TIPRA BANK,1049,IN0004,IN5O12200004,,RGI50-15.06557,RGI60-15.06557,15,15: South Asia East,Glacier,Land-terminating,False,False
-16.4767,64.2666,IS,BREIDAMJOEKULL E. B.,3062,IS1126B,ISV   10126B,,RGI50-06.00483,RGI60-06.00483,06,06: Iceland,Ice cap,Land-terminating,False,False
-16.2675,64.5867,IS,BRUARJOEKULL,3067,IS2400,IS0000V02400,,RGI50-06.00377,RGI60-06.00377,06,06: Iceland,Ice cap,Land-terminating,False,False
-17.0539,64.6745,IS,DYNGJUJOEKULL,3068,IS2600,,,RGI50-06.00477,RGI60-06.00477,06,06: Iceland,Ice cap,Land-terminating,False,False
-15.6083,64.6284,IS,EYJABAKKAJOEKULL,3069,IS2300,IS0000V02300,,RGI50-06.00472,RGI60-06.00472,06,06: Iceland,Glacier,Land-terminating,False,False
-18.6422,64.7989,IS,HOFSJOEKULL E,3088,IS0510B,IS0000V00510,,RGI50-06.00234,RGI60-06.00234,06,06: Iceland,Ice cap,Land-terminating,False,False
-18.9072,64.9014,IS,HOFSJOEKULL N,3089,IS0510A,IS0000V00510,,RGI50-06.00238,RGI60-06.00238,06,06: Iceland,Ice cap,Land-terminating,False,False
-19.0241,64.757,IS,HOFSJOEKULL SW,3090,IS0510C,IS0000V00510,,RGI50-06.00236,RGI60-06.00236,06,06: Iceland,Ice cap,Land-terminating,False,False
-17.7174,64.5628,IS,KOELDUKVISLARJ.,3096,IS2700,,,RGI50-06.00424,RGI60-06.00424,06,06: Iceland,Ice cap,Land-terminating,False,False
-20.0311,64.6423,IS,LANGJOEKULL ICE CAP,3660,,,,RGI50-06.00310,RGI60-06.00310,06,06: Iceland,Ice cap,Land-terminating,False,False
-17.927,64.3475,IS,TUNGNAARJOEKULL,3126,IS2214,IS0000V02214,,RGI50-06.00443,RGI60-06.00443,06,06: Iceland,Ice cap,Land-terminating,False,False
13.56671,42.47054,IT,CALDERONE,1107,IT1006,,,RGI50-11.03967,RGI60-11.03241,11,11: Central Europe,Glacier,Land-terminating,False,True
10.1119,46.4296,IT,CAMPO SETT.,1106,IT0997,IT4J14311006,,RGI50-11.01930,RGI60-11.01930,11,11: Central Europe,Glacier,Land-terminating,False,False
10.7085,46.4512,IT,CARESER,635,IT0701,IT4L00102519,,RGI50-11.01834,RGI60-11.01834,11,11: Central Europe,Glacier,Land-terminating,False,True
7.389839999999999,45.5181,IT,CIARDONEY,1264,IT0081,IT4L01052003,,RGI50-11.03254,RGI60-11.03135,11,11: Central Europe,Glacier,Land-terminating,False,True
10.771,46.4838,IT,FONTANA BIANCA / WEISSBRUNNF.,1507,IT0713,IT4L00110103,,RGI50-11.01704,RGI60-11.01704,11,11: Central Europe,Glacier,Land-terminating,False,True
7.2204,45.4757,IT,GRAND ETRET,1238,IT0134,IT4L01313012,,RGI50-11.03298,RGI60-11.03166,11,11: Central Europe,Glacier,Land-terminating,False,True
10.6115,46.4674,IT,LUNGA (VEDRETTA) / LANGENF.,661,IT0733,IT4L00112128,,RGI50-11.01776,RGI60-11.01776,11,11: Central Europe,Glacier,Land-terminating,False,True
9.98941,46.0754,IT,LUPO,1138,IT0543,IT4L01132016,,RGI50-11.02659,RGI60-11.02648,11,11: Central Europe,Glacier,Land-terminating,False,False
11.1528,46.9566,IT,MALAVALLE (VEDR. DI) / UEBELTALF.,672,IT0875,IT4L00121108,,RGI50-11.00619,RGI60-11.00619,11,11: Central Europe,Glacier,Land-terminating,False,True
11.2247,46.9656,IT,PENDENTE (VEDR.) / HANGENDERF.,675,IT0876,IT4L00121110,,RGI50-11.00603,RGI60-11.00603,11,11: Central Europe,Glacier,Land-terminating,False,True
12.0965,46.9069,IT,RIES OCC. (VEDR. DI) / RIESERF. WESTL.,645,IT0930,IT4L00123312,,RGI50-11.00647,RGI60-11.00647,11,11: Central Europe,Glacier,Land-terminating,False,True
10.5127,46.348,IT,SFORZELLINA,667,IT0516,IT4L01137036,,RGI50-11.02214,RGI60-11.02214,11,11: Central Europe,Glacier,Land-terminating,False,False
9.36354,46.5056,IT,SURETTA MERID.,2488,IT0371,IT4L01113007,,RGI50-11.01662,RGI60-11.01662,11,11: Central Europe,Glacier,Land-terminating,False,False
7.278939999999999,45.5592,IT,TIMORION,1282,IT0126,IT4L01313003,,RGI50-11.03191,RGI60-11.03084,11,11: Central Europe,Glacier,Land-terminating,False,False
37.314,-0.156806,KE,LEWIS,695,KE0008,KEE021D00001,,RGI50-16.01638,RGI60-16.01638,16,16: Low Latitudes,Glacier,Land-terminating,False,True
71.56986236600001,39.609699249,KG,ABRAMOV,732,KG4101,KGXA31000040,,RGI50-13.18096,RGI60-13.18096,13,13: Central Asia,Glacier,Land-terminating,False,True
77.749273443,41.786813441,KG,BATYSH SOOK/SYEK ZAPADNIY,781,KG5082,KG05XXX00082,,RGI50-13.06974,RGI60-13.06974,13,13: Central Asia,Glacier,Land-terminating,False,True
74.49766036300001,42.454479253,KG,GOLUBIN,753,KG5060,KG0X0C100250,,RGI50-13.11609,RGI60-13.11609,13,13: Central Asia,Glacier,Land-terminating,False,True
78.304753802,42.146142231999995,KG,KARA-BATKAK,813,KG5080,KG0X00C00265,,RGI50-13.06359,RGI60-13.06359,13,13: Central Asia,Glacier,Land-terminating,False,True
77.68168298399999,41.876732163,KG,NO.131,782,KG5081,KG05XXX00081,,RGI50-13.06828,RGI60-13.06828,13,13: Central Asia,Glacier,Land-terminating,False,True
78.181348805,41.826979308,KG,SARY TOR (NO.356),805,KG5106,KG0 XXX00019,,RGI50-13.08055,RGI60-13.08055,13,13: Central Asia,Glacier,Land-terminating,False,True
77.09641025,43.050292445,KZ,IGLI TUYUKSU,816,KZ5076,KZ0XB2200108,,RGI50-13.08782,RGI60-13.08782,13,13: Central Asia,Glacier,Land-terminating,False,False
77.107482796,43.075781418999995,KZ,MANSHUK MAMETOVA,811,KZ5091,KZ0XB2200112,,RGI50-13.08534,RGI60-13.08534,13,13: Central Asia,Glacier,Land-terminating,False,False
77.109750374,43.021278228999996,KZ,MAYAKOVSKIY,808,KZ5094,KZ0XB2200111,,RGI50-13.08615,RGI60-13.08615,13,13: Central Asia,Glacier,Land-terminating,False,False
77.064330256,43.057823598,KZ,MOLODEZHNIY,812,KZ5090,KZ0XB2200105,,RGI50-13.08781,RGI60-13.08781,13,13: Central Asia,Glacier,Land-terminating,False,False
80.238317299,45.095799218,KZ,MURAVLEV,796,KZ6002,KZ0 XXX00020,,RGI50-13.05496,RGI60-13.05496,13,13: Central Asia,Glacier,Land-terminating,False,True
77.102104419,43.062361311000004,KZ,ORDZHONIKIDZE,809,KZ5093,KZ0XB2200110,,RGI50-13.08531,RGI60-13.08531,13,13: Central Asia,Glacier,Land-terminating,False,False
77.07974015,43.024608168,KZ,PARTIZAN,807,KZ5095,KZ0XB2200109,,RGI50-13.08533,RGI60-13.08533,13,13: Central Asia,Glacier,Land-terminating,False,False
80.228503062,45.082519212,KZ,SHUMSKIY,797,KZ6001,KZ0 XXX00024,,RGI50-13.05504,RGI60-13.05504,13,13: Central Asia,Glacier,Land-terminating,False,True
77.080587306,43.043653004,KZ,TS.TUYUKSUYSKIY,817,KZ5075,KZ0XB2200107,,RGI50-13.08624,RGI60-13.08624,13,13: Central Asia,Glacier,Land-terminating,False,True
77.05140511100001,43.071075201000006,KZ,VISYACHIY-1-2,806,KZ5096,KZ0XB2200103,,RGI50-13.08814,RGI60-13.08814,13,13: Central Asia,Glacier,Land-terminating,False,False
77.07363205600001,43.051831778,KZ,ZOYA KOSMODEMYANSKAYA,810,KZ5092,KZ0XB2200106,,RGI50-13.08783,RGI60-13.08783,13,13: Central Asia,Glacier,Land-terminating,False,False
5.64784,61.7513,NO,AALFOTBREEN,317,NO36204,NOA000B0O001,,RGI50-08.00083,RGI60-08.02666,08,08: Scandinavia,Glacier,Land-terminating,False,True
7.35572,61.8156,NO,AUSTDALSBREEN,321,NO37323,NO4A000A4023,,RGI50-08.02489,RGI60-08.01286,08,08: Scandinavia,Ice cap,Land-terminating,False,True
8.491010000000001,61.5538,NO,AUSTRE MEMURUBREEN,1317,NO0053A,NO4A000AB033,,RGI50-08.01655,RGI60-08.01013,08,08: Scandinavia,Glacier,Land-terminating,False,True
6.43195,60.0667,NO,BLAABREEN & RUKLEBREEN,3803,,,,RGI50-08.01428,RGI60-08.00963,08,08: Scandinavia,Glacier,Land-terminating,False,False
17.8514,68.3407,NO,BLAAISEN,1328,NO7421,NO4A000DZ011,,RGI50-08.00710,RGI60-08.02436,08,08: Scandinavia,Glacier,Land-terminating,False,True
6.26211,59.9832,NO,BLOMSTERSKARDSBREEN,1321,NO1930,,,RGI50-08.01431,RGI60-08.02920,08,08: Scandinavia,Ice cap,Land-terminating,False,False
6.32268,60.036,NO,BONDHUSBREA,318,NO20408,NO4A000AJ002,,RGI50-08.01432,RGI60-08.02916,08,08: Scandinavia,Ice cap,Land-terminating,False,True
6.36572,60.0727,NO,BREIDABLIKKBREA,2671,,NO4A000AJ001,,RGI50-08.01439,RGI60-08.02962,08,08: Scandinavia,Glacier,Land-terminating,False,True
13.8583,66.6565,NO,ENGABREEN,298,NO67011,NO4A000C4011,,RGI50-08.00431,RGI60-08.01657,08,08: Scandinavia,Ice cap,Land-terminating,False,True
6.39826,60.0828,NO,GRAAFJELLSBREA,1320,NO2051,NO4A000AJ010,,RGI50-08.01433,RGI60-08.02963,08,08: Scandinavia,Glacier,Land-terminating,False,True
8.598889999999999,61.6562,NO,GRAASUBREEN,299,NO0547,NO4A000AB047,,RGI50-08.01707,RGI60-08.00987,08,08: Scandinavia,Glacier,Land-terminating,False,True
5.68093,61.7482,NO,HANSEBREEN,322,NO36206,NO4A000BO01A,,RGI50-08.00082,RGI60-08.02650,08,08: Scandinavia,Ice cap,Land-terminating,False,True
7.67852,61.6906,NO,HARBARDSBREEN,2320,NO30704,NO4A000A2004,,RGI50-08.01736,RGI60-08.01217,08,08: Scandinavia,Glacier,Land-terminating,False,False
8.43862,61.5587,NO,HELLSTUGUBREEN,300,NO0511,NO4A000AD011,,RGI50-08.02182,RGI60-08.00449,08,08: Scandinavia,Glacier,Land-terminating,False,True
13.6359,66.4532,NO,HOEGTUVBREEN,286,NO5507,NO4A000CX007,,RGI50-08.02616,RGI60-08.00295,08,08: Scandinavia,Glacier,Land-terminating,False,True
6.5511300000000015,61.4165,NO,JOSTEFONN,1676,,NO4A000A8009,,RGI50-08.02135,RGI60-08.02017,08,08: Scandinavia,Ice cap,Land-terminating,False,True
21.7402,70.1308,NO,LANGFJORDJOEKELEN,323,NO85008,NO4A000ET008,,RGI50-08.02022,RGI60-08.01258,08,08: Scandinavia,Glacier,Land-terminating,False,True
7.12832,61.7087,NO,NIGARDSBREEN,290,NO31014,NO4A000A4014,,RGI50-08.02419,RGI60-08.01126,08,08: Scandinavia,Ice cap,Land-terminating,False,True
14.2959,66.0209,NO,OKSTINDBREEN,324,NO64902,NO4A000CV001,,RGI50-08.00243,RGI60-08.03416,08,08: Scandinavia,Glacier,Land-terminating,False,True
7.48618,60.6368,NO,OMNSBREEN,3805,,,,RGI50-08.01520,RGI60-08.01764,08,08: Scandinavia,Glacier,Land-terminating,False,False
7.380489999999999,60.5392,NO,REMBESDALSKAAKA,2296,NO22303,NO4A000AO001,,RGI50-08.01501,RGI60-08.01779,08,08: Scandinavia,Ice cap,Land-terminating,False,True
16.0547,67.2967,NO,RUNDVASSBREEN,2670,,NO4A000DI022,,RGI50-08.00570,RGI60-08.02384,08,08: Scandinavia,Ice cap,Land-terminating,False,True
8.14092,61.5748,NO,STORBREEN,302,NO0541,NOA000A0D041,,RGI50-08.01666,RGI60-08.00312,08,08: Scandinavia,Glacier,Land-terminating,False,True
6.8048600000000015,61.5116,NO,STORE SUPPHELLEBREEN,287,NO33014,NO4A000A8015,,RGI50-08.02504,RGI60-08.01099,08,08: Scandinavia,Glacier,Land-terminating,False,False
14.0211,66.6713,NO,STORGLOMBREEN,297,NO67313,NO4A000C7013,,RGI50-08.00472,RGI60-08.00287,08,08: Scandinavia,Ice cap,Land-terminating,False,True
17.9114,68.2182,NO,STORSTEINSFJELLBREEN,1329,NO7381,NO4A000DW011,,RGI50-08.00666,RGI60-08.02458,08,08: Scandinavia,Glacier,Land-terminating,False,True
13.7593,66.5575,NO,SVARTISHEIBREEN,320,NO65509,NO4A000CX009,,RGI50-08.00433,RGI60-08.01598,08,08: Scandinavia,Glacier,Land-terminating,False,True
14.4446,66.7155,NO,TROLLBERGDALSBREEN,316,NO68507,NO4A000DE007,,RGI50-08.00411,RGI60-08.01484,08,08: Scandinavia,Glacier,Land-terminating,False,True
7.0548899999999986,61.6101,NO,TUNSBERGDALSBREEN,1316,NO3100,NO4A000A4007,,RGI50-08.02379,RGI60-08.00424,08,08: Scandinavia,Glacier,Land-terminating,False,True
86.556320409,27.715784606,NP,AX010,906,NP0005,NP0 XXX00005,,RGI50-15.03507,RGI60-15.03507,15,15: South Asia East,Glacier,Land-terminating,False,True
86.897669131,27.709259601,NP,MERA,3996,,,,RGI50-15.03591,RGI60-15.03591,15,15: South Asia East,Ice cap,Land-terminating,False,False
86.79068870299999,27.898420495,NP,POKALDE,3997,,,,RGI50-15.03875,RGI60-15.03875,15,15: South Asia East,Glacier,Land-terminating,False,False
169.437,-44.0715,NZ,BREWSTER,1597,,NZ0868C20000,,RGI50-18.01130,RGI60-18.01130,18,18: New Zealand,Glacier,Land-terminating,False,True
170.926,-43.1326,NZ,IVORY,900,,NZ0090109000,,RGI50-18.03357,RGI60-18.03357,18,18: New Zealand,Glacier,Land-terminating,False,False
-77.6279,-8.96265,PE,ARTESONRAJU,3292,PE0003,PEP005C0GH01,,RGI50-16.02444,RGI60-16.02444,16,16: Low Latitudes,Glacier,Land-terminating,False,True
-76.7207,-10.4787,PE,SANTA ROSA,225,PE0006,PEP00470AEC8,,RGI50-16.01756,RGI60-16.01756,16,16: Low Latitudes,Glacier,Land-terminating,False,False
-77.2709,-9.65293,PE,YANAMAREY,226,PE0004,PEP005C0VAC2,,RGI50-16.02086,RGI60-16.02086,16,16: Low Latitudes,Glacier,Land-terminating,False,True
76.8939,35.4284,PK,SIACHEN,3666,,,,RGI50-14.07524,RGI60-14.07524,14,14: South Asia West,Glacier,Land-terminating,False,False
43.084,43.0332,RU,BEZENGI,703,RU3006,RUG003700001,,RGI50-12.01252,RGI60-12.01252,12,12: Caucasus and Middle East,Glacier,Land-terminating,False,False
86.703071594,49.813026428,RU,BOLSHOI BEREL,3950,,,,RGI50-10.01121,RGI60-10.01121,10,10: North Asia,Glacier,Land-terminating,False,False
42.7612,43.1944,RU,DJANKUAT,726,RU3010,RUG003700062,,RGI50-12.01132,RGI60-12.01132,12,12: Caucasus and Middle East,Glacier,Land-terminating,False,True
42.4674,43.3121,RU,GARABASHI,761,RU3031,RU4G00307011,,RGI50-12.00161,RGI60-12.00161,12,12: Caucasus and Middle East,Glacier,Land-terminating,False,True
66.000305176,67.57893371600001,RU,IGAN,730,RU2001,RU00A0200027,,RGI50-10.05087,RGI60-10.05087,10,10: North Asia,Glacier,Land-terminating,False,False
43.0522,43.0776,RU,KELBASHI,3917,,,,RGI50-12.01198,RGI60-12.01198,12,12: Caucasus and Middle East,Glacier,Land-terminating,False,False
41.8439,43.2251,RU,KHAKEL,700,RU3003,RU0H00100173,,RGI50-12.01297,RGI60-12.01297,12,12: Caucasus and Middle East,Glacier,Land-terminating,False,False
42.7668,43.2143,RU,KOIAVGAN,3957,,,,RGI50-12.00632,RGI60-12.00632,12,12: Caucasus and Middle East,Glacier,Land-terminating,False,False
161.802352905,54.830718993999994,RU,KORYTO,791,RU8003,RU0 XXX00007,,RGI50-10.04358,RGI60-10.04358,10,10: North Asia,Glacier,Land-terminating,False,True
87.69024658200001,50.080078125,RU,LEVIY AKTRU,794,RU7102,RU0A12500128,,RGI50-10.01737,RGI60-10.01737,10,10: North Asia,Glacier,Land-terminating,False,True
87.745521545,50.049674988,RU,MALIY AKTRU,795,RU7100,RU0A12500126,,RGI50-10.01732,RGI60-10.01732,10,10: North Asia,Glacier,Land-terminating,False,True
86.71026611299999,49.82395172100001,RU,MALYY BERELSKIY,830,RU7083,RU0A31500116,,RGI50-10.01107,RGI60-10.01107,10,10: North Asia,Glacier,Land-terminating,False,False
41.4156,43.3638,RU,MARUKHSKIY,727,RU3001,RU0 00100108,,RGI50-12.00960,RGI60-12.00960,12,12: Caucasus and Middle East,Glacier,Land-terminating,False,True
158.180389404,52.46206665,RU,MUTNOVSKIY NE,788,RU8011,RU0 XXX00004,,RGI50-10.03941,RGI60-10.03941,10,10: North Asia,Glacier,Land-terminating,False,False
158.15740966799999,52.452796936000006,RU,MUTNOVSKIY SW,787,RU8012,RU0 XXX00003,,RGI50-10.03944,RGI60-10.03944,10,10: North Asia,Glacier,Land-terminating,False,False
140.865356445,62.588794708,RU,NO.31,3534,,,,RGI50-10.03264,RGI60-10.03264,10,10: North Asia,Glacier,Land-terminating,False,False
65.78010559100001,67.636535645,RU,OBRUCHEV,729,RU2002,RU00A0200026,,RGI50-10.05085,RGI60-10.05085,10,10: North Asia,Glacier,Land-terminating,False,False
87.69741058299999,50.061340332,RU,PRAVIY AKTRU,831,RU7101,RU0A12500127,,RGI50-10.01735,RGI60-10.01735,10,10: North Asia,Glacier,Land-terminating,False,True
43.8232,42.7537,RU,TSEYA,704,RU3007,RUG003300002,,RGI50-12.01302,RGI60-12.01302,12,12: Caucasus and Middle East,Glacier,Land-terminating,False,False
42.7749,43.2009,RU,VISYACHIY,3958,,,,RGI50-12.00335,RGI60-12.00335,12,12: Caucasus and Middle East,Glacier,Land-terminating,False,False
87.780303955,50.047698975,RU,VODOPADNIY (NO.125),780,RU7105,RU5A12500105,,RGI50-10.01708,RGI60-10.01708,10,10: North Asia,Glacier,Land-terminating,False,True
18.3207,68.358,SE,KARSOJIETNA,330,SE0798,SEB000E0V019,,RGI50-08.00016,RGI60-08.00259,08,08: Scandinavia,Glacier,Land-terminating,False,False
18.6813,68.0815,SE,MARMAGLACIAEREN,1461,SE0799,SE4B000EZ001,,RGI50-08.00760,RGI60-08.00199,08,08: Scandinavia,Glacier,Land-terminating,False,True
17.6462,67.1735,SE,PARTEJEKNA,327,SE0763,SEB000E08002,,RGI50-08.00928,RGI60-08.00146,08,08: Scandinavia,Glacier,Land-terminating,False,True
18.4909,67.9099,SE,RABOTS GLACIAER,334,SE0785,SEB000E01016,,RGI50-08.00013,RGI60-08.00188,08,08: Scandinavia,Glacier,Land-terminating,False,True
18.0544,68.0836,SE,RIUKOJIETNA,342,SE0790,SE4A000DW065,,RGI50-08.00751,RGI60-08.00006,08,08: Scandinavia,Ice cap,Land-terminating,False,True
18.5604,67.9042,SE,STORGLACIAEREN,332,SE0788,SEB000E00005,,RGI50-08.02637,RGI60-08.00213,08,08: Scandinavia,Glacier,Land-terminating,False,True
18.6446,67.9349,SE,TARFALAGLACIAEREN,326,SE0791,SE4B000E0011,,RGI50-08.00801,RGI60-08.00210,08,08: Scandinavia,Glacier,Land-terminating,False,True
11.8309,78.8876,SJ,AUSTRE BROEGGERBREEN,292,SJ15504,SJW015505006,,RGI50-07.00504,RGI60-07.00504,07,07: Svalbard,Glacier,Land-terminating,False,True
12.1614,78.87100000000002,SJ,AUSTRE LOVENBREEN,3812,,SJ4W01505000,,RGI50-07.00496,RGI60-07.00496,07,07: Svalbard,Glacier,Land-terminating,False,False
16.258,78.6982,SJ,BERTILBREEN,3755,,,,RGI50-07.00593,RGI60-07.00593,07,07: Svalbard,Glacier,Land-terminating,False,False
15.6267,78.1281,SJ,BOGERBREEN,3914,,,,RGI50-07.01132,RGI60-07.01132,07,07: Svalbard,Glacier,Land-terminating,False,False
18.8089,78.086,SJ,DAUDBREEN,3915,,,,RGI50-07.00382,RGI60-07.00382,07,07: Svalbard,Glacier,Land-terminating,False,False
15.2378,77.461,SJ,FINSTERWALDERBREEN,3486,SJ13202,SJ4W00103202,,RGI50-07.00231,RGI60-07.00231,07,07: Svalbard,Glacier,Land-terminating,False,False
14.4077,77.8358,SJ,FRIDTJOVBREEN,3494,SJ13708,SJ4W00103708,,RGI50-07.01100,RGI60-07.01100,07,07: Svalbard,Glacier,Marine-terminating,True,False
15.5799,77.0748,SJ,HANSBREEN,306,SJ12419,SJW012404019,,RGI50-07.00240,RGI60-07.00240,07,07: Svalbard,Glacier,Marine-terminating,True,True
12.1249,78.6651,SJ,IRENEBREEN,2669,SJ15402,,,RGI50-07.00490,RGI60-07.00490,07,07: Svalbard,Glacier,Land-terminating,False,False
13.1481,78.7872,SJ,KONGSVEGEN,1456,SJ15510,SJ4W00145510,,RGI50-07.01481,RGI60-07.01481,07,07: Svalbard,Glacier,Land-terminating,False,True
13.3845,78.9916,SJ,KRONEBREEN,3504,SJ15511,SJ4W00105511,,RGI50-07.01464,RGI60-07.01464,07,07: Svalbard,Ice cap,Land-terminating,False,False
15.4657,78.1728,SJ,LONGYEARBREEN,3913,,,,RGI50-07.01107,RGI60-07.01107,07,07: Svalbard,Glacier,Land-terminating,False,False
12.0311,78.8779,SJ,MIDTRE LOVENBREEN,291,SJ15506,SJ4W01505007,,RGI50-07.00493,RGI60-07.00493,07,07: Svalbard,Glacier,Land-terminating,False,True
13.9535,78.0409,SJ,VOERINGBREEN,3912,,,,RGI50-07.01060,RGI60-07.01060,07,07: Svalbard,Glacier,Land-terminating,False,False
12.0692,78.6774,SJ,WALDEMARBREEN,2307,SJ15403,,,RGI50-07.00492,RGI60-07.00492,07,07: Svalbard,Glacier,Land-terminating,False,True
-123.694,47.81,US,BLUE GLACIER,210,US2126,USM000B00114,,RGI50-02.13924,RGI60-02.14017,02,02: Western Canada and US,Glacier,Land-terminating,False,False
-121.353,47.97,US,COLUMBIA (2057),76,US2057,US2M00332004,,RGI50-02.00837,RGI60-02.18415,02,02: Western Canada and US,Glacier,Land-terminating,False,True
-121.161,47.5591,US,DANIELS,83,US2052,US2M10015004,,RGI50-02.00686,RGI60-02.18487,02,02: Western Canada and US,Glacier,Land-terminating,False,False
-121.827,48.7489,US,EASTON,1367,US2008,,,RGI50-02.01305,RGI60-02.17739,02,02: Western Canada and US,Glacier,Land-terminating,False,False
-121.68,45.3805,US,ELIOT,3919,,,,RGI50-02.13914,RGI60-02.18792,02,02: Western Canada and US,Glacier,Land-terminating,False,False
-121.713,46.8647,US,EMMONS,203,US2022,USM000B00127,,RGI50-02.00651,RGI60-02.14297,02,02: Western Canada and US,Glacier,Land-terminating,False,False
-137.039916992,58.793186188,US,GILMAN,138,US1321,USN000C00063,,RGI50-01.20830,RGI60-01.20830,01,01: Alaska,Glacier,Marine-terminating,True,False
-145.42700000000005,63.28100000000001,US,GULKANA,90,US0200,US0001200002,,RGI50-01.00570,RGI60-01.00570,01,01: Alaska,Glacier,Land-terminating,False,True
-134.349,58.38,US,LEMON CREEK,3334,,,,RGI50-01.01104,RGI60-01.01104,01,01: Alaska,Glacier,Land-terminating,False,True
-121.622,48.8259,US,LOWER CURTIS,77,US2055,US2M00212004,,RGI50-02.01356,RGI60-02.17307,02,02: Western Canada and US,Glacier,Land-terminating,False,False
-120.895,48.1717,US,LYMAN,3340,,,,RGI50-02.00874,RGI60-02.18005,02,02: Western Canada and US,Glacier,Land-terminating,False,False
-143.847625732,69.302070618,US,MCCALL,1388,US0001,,,RGI50-01.02228,RGI60-01.02228,01,01: Alaska,Glacier,Land-terminating,False,True
-121.744,46.8256,US,NISQUALLY,201,US2027,USM000B00129,,RGI50-02.00644,RGI60-02.14336,02,02: Western Canada and US,Glacier,Land-terminating,False,False
-121.527,48.6735,US,NOISY CREEK,1666,US2078,,,RGI50-02.01170,RGI60-02.17369,02,02: Western Canada and US,Glacier,Land-terminating,False,False
-121.093,48.5729,US,NORTH KLAWATTI,1664,US2076,,,RGI50-02.01093,RGI60-02.18077,02,02: Western Canada and US,Glacier,Land-terminating,False,False
-121.777,48.7989,US,RAINBOW,79,US2003,US2M00B11008,,RGI50-02.01299,RGI60-02.17733,02,02: Western Canada and US,Glacier,Land-terminating,False,False
-120.79,48.41,US,SANDALEE,1667,US2079,,,RGI50-02.00971,RGI60-02.17862,02,02: Western Canada and US,Glacier,Land-terminating,False,False
-121.769,48.8142,US,SHOLES,3295,,US2M00B00000,,RGI50-02.01295,RGI60-02.18774,02,02: Western Canada and US,Glacier,Land-terminating,False,False
-121.24,48.9769,US,SILVER,1665,US2077,,,RGI50-02.01464,RGI60-02.17612,02,02: Western Canada and US,Glacier,Land-terminating,False,False
-121.059,48.3574,US,SOUTH CASCADE,205,US2013,US0M10000121,,RGI50-02.00941,RGI60-02.18778,02,02: Western Canada and US,Glacier,Land-terminating,False,True
-113.756,48.625,US,SPERRY,218,US5001,US0M12200135,,RGI50-02.01146,RGI60-02.17023,02,02: Western Canada and US,Glacier,Land-terminating,False,False
-121.031,48.4136,US,SPIDER,3941,,,,RGI50-02.00974,RGI60-02.17789,02,02: Western Canada and US,Glacier,Land-terminating,False,False
-134.278,58.651,US,TAKU,124,US1805,USN000C00099,,RGI50-01.01390,RGI60-01.01390,01,01: Alaska,Glacier,Marine-terminating,True,False
-148.908,60.412,US,WOLVERINE,94,US0411,USN000D00006,,RGI50-01.09162,RGI60-01.09162,01,01: Alaska,Glacier,Land-terminating,False,True
-121.031,48.4474,US,YAWNING,75,US2050,US2M10446007,,RGI50-02.00992,RGI60-02.17806,02,02: Western Canada and US,Glacier,Land-terminating,False,False
